Server Name,Members Online,Creation Date,Invite Link,Tag 1,Tag 2,Tag 3,Tag 4,Tag 5
• AniVibe Discord•,106,2021:12:02,https://disboard.org/server/916013123369066497,gaming,anime,chill,pokémon,naruto
Gangsta Garfield (GG),47,2019:10:26,https://disboard.org/server/637484008355266580,talk,chill,edgy,4chan,schizo
♡⸝⸝ Blue Hour,88,2022:05:20,https://disboard.org/server/977053334559133716,social,gaming,anime,18+,18
Los Piedrosos Del Patio Trasero,58,2020:04:14,https://disboard.org/server/699754977303986236,comunidad,español,mexico,argentina,latam
Anti Social Club 我,59,2022:04:13,https://disboard.org/server/963640307499540581,anime,jogos,gf,comunidade,putaria
💗Better Lifesteal💗,9,2021:12:17,https://disboard.org/server/921255615999909908,gaming,minecraft,chating,friendly-server,survival-server
Ben 10: Return of Malware (RP),26,2020:10:13,https://disboard.org/server/765392708646076466,roleplay,rp,ben-10,ben-10-rp,ben-ten
Five Night's In Freddy's Anime Convention Roleplay,26,2020:09:10,https://disboard.org/server/753467781780996127,furry,oc,fnaf,roplay,fnia
vibe market ツ,234,2020:08:16,https://disboard.org/server/744393148465152081,community,gaming,fun,music,vibe
PokeStream,13,2022:02:08,https://disboard.org/server/940513195326591037,pokémon,pokemon-anime,pokestream,pokemon-anime-episodes,pokemon-pokestream
𝑇ℎ𝑒 𝑏𝑜𝑜𝑘 𝑜𝑓 ☀𝑇𝑎𝑟𝑜𝑡☾,26,2022:01:13,https://disboard.org/server/931276062355255356,community,fun,friendly,open,lgbtq-friendly
House of NoneType REBORN,60,2021:10:08,https://disboard.org/server/896079381385076746,programming,python,,,
Chloe’s Cafe!,30,2021:03:25,https://disboard.org/server/824646621563584524,anime,english,promote,cafe,cute
Welcome to the art room,27,2022:04:22,https://disboard.org/server/967135121562030130,community,friends,music,art,chill
Focus! Helping others grow on twitch| Socalizing Fun + Gaming,271,2020:09:29,https://disboard.org/server/760347579094401044,community,twitch,help,nitro,follow
kura. (small revamp),12,2022:06:05,https://disboard.org/server/983020172199727204,trading,bandori,bang-dream,light-blue,bandori-trading
Pride Emotes,40,2022:05:03,https://disboard.org/server/970904005511356436,gay,emojis,emoji,trans,pride
Kitz Kat Cafe,58,2022:04:15,https://disboard.org/server/964366481322291250,minecraft,friends,chill,apex,valorant
RX SMP | Season 2 ☣[L.O.S],56,2021:04:10,https://disboard.org/server/830447132065923153,minecraft,modded,java,smp,lifesteal
[The Seerverse] The Seer's Eyes,10,2021:03:23,https://disboard.org/server/823841396204372001,roleplay,no-limitations,,,
Il Salotto Italiano,211,2021:01:21,https://disboard.org/server/801747149078790174,social,language,learn-italian,linguaggio,imparare-linglese
Crptane,47,2022:02:07,https://disboard.org/server/940069844181717062,anime,art,selfies,self-promo,hangout-and-chill
Together ❤,390,2020:11:22,https://disboard.org/server/780219595864801283,arabic,egypt,عربي,عرب,مصر
Império Panda Nerd,133,2020:01:27,https://disboard.org/server/671448984958795777,games,anime,otaku,panda,brazil
⸂𝕷⸃ LUST,19519,2018:04:29,https://disboard.org/server/440255430271434763,nsfw,anime,roleplay,porn,nudes
Among Us | Social • Emotes • Gaming • Chill • Nitro • Chat • Anime,62113,2019:05:19,https://disboard.org/server/579772930607808537,gaming,roleplay,game,among-us,amongus
Sinful 18+| No1. Verified Adults • No.1 voice chats,31392,2019:05:27,https://disboard.org/server/582689404615917579,social,dating,drinking,drunk,alcohol
cats ‼,115070,2019:10:13,https://disboard.org/server/632892259553247232,ads,emotes,cats,emote,cat
D7 Army 🐐,10193,2017:07:23,https://disboard.org/server/338579629201817601,fortnite,trading,stw-trading,dan7eh,among-us
Pokémon GO Ottawa,21197,2016:07:08,https://disboard.org/server/200837505145110528,discord,pokémon,pokémon-go,pokemon-go-raids,pokemon-go-raid
Paradise Isle ⛱ Anime & Social,41525,2020:02:28,https://disboard.org/server/683075970206531618,community,anime,emotes,hentai,vc
GIF AURA • NFT,16271,2019:03:31,https://disboard.org/server/561932459835392011,nudes,nude,gif,j4j,nft
Eagle Investors,6273,2019:07:11,https://disboard.org/server/598690823676100620,crypto,trading,investing,stocks,options
ida's anime cafe ♡,65138,2016:12:24,https://disboard.org/server/262268073363505164,social,community,gaming,anime,art
Chill Corner,11500,2018:05:11,https://disboard.org/server/444470893599784960,community,friends,fun,music,hangout
Naruto WRLD,20125,2019:02:24,https://disboard.org/server/549276960816234496,anime,weeb,manga,naruto,sasuke
Diversity,26892,2021:01:13,https://disboard.org/server/799038547399016450,fun,chill,giveaways,active,comminity
🏆 T K F 👑,14905,2018:09:12,https://disboard.org/server/489286929473601536,brasil,entretenimento,freefire,web-namoro,stumble-guys
Socialize | Fun & Gaming,38145,2018:10:28,https://disboard.org/server/505974446914535426,social,community,anime,chat,emotes
flare,21048,2021:01:22,https://disboard.org/server/802184759740203018,social,dating,anime,egirl,edating
Kungarna East Scrims,15871,2018:11:02,https://disboard.org/server/507924040636432388,fortnite,,,,
E-Girl World | Social・VC・Chill ・Anime ・Nitro ・E-boys・Fun ・Art・Emotes & Emojis,37248,2021:04:05,https://disboard.org/server/828746399255887904,gaming,anime,fun,chill,emote
Genshin Impact Unofficial,57943,2020:01:23,https://disboard.org/server/669895631757639682,gaming,genshin-impact,genshin,genshin-impact-community,genshin-emotes
SolChicks,5805,2021:09:04,https://disboard.org/server/883654503067422741,gaming,crypto,nft,de-fi,solana
Among Us,36595,2020:09:09,https://disboard.org/server/753384735236948018,gaming,minecraft,fun,among-us,amongus
Gamehag Community,3228,2017:05:26,https://disboard.org/server/317703287241703424,minecraft,roblox,cs:go,league-of-legends,free-rewards
Army's Chillin | Stream ‘Proof’,7427,2020:06:04,https://disboard.org/server/718244007859322920,social,community,kpop,bts,chill
Sakura Onsen | Art & Anime Discord・Emojis & Emotes・Stickers・Social,36259,2018:08:18,https://disboard.org/server/480390288196501515,social,community,anime,art,otaku
